product_id,product_name,category,discounted_price,actual_price,discount_percentage,rating,rating_count,about_product,Shipping Weight
B07JW9H4J1,"Wayona Nylon Braided USB to Lightning Fast Charging and Data Sync Cable Compatible for iPhone 13, 12,11, X, 8, 7, 6, 5, iPad Air, Pro, Mini (3 FT Pack of 1, Grey)",Computers&Accessories|Accessories&Peripherals|Cables&Accessories|Cables|USBCables,₹399,"₹1,099",64%,4.2,"24,269","High Compatibility : Compatible With iPhone 12, 11, X/XsMax/Xr ,iPhone 8/8 Plus,iPhone 7/7 Plus,iPhone 6s/6s Plus,iPhone 6/6 Plus,iPhone 5/5s/5c/se,iPad Pro,iPad Air 1/2,iPad mini 1/2/3,iPod nano7,iPod touch and more apple devices.|Fast Charge&Data Sync : It can charge and sync simultaneously at a rapid speed, Compatible with any charging adaptor, multi-port charging station or power bank.|Durability : Durable nylon braided design with premium aluminum housing and toughened nylon fiber wound tightly around the cord lending it superior durability and adding a bit to its flexibility.|High Security Level : It is designed to fully protect your device from damaging excessive current.Copper core thick+Multilayer shielding, Anti-interference, Protective circuit equipment.|WARRANTY: 12 months warranty and friendly customer services, ensures the long-time enjoyment of your purchase. If you meet any question or problem, please don't hesitate to contact us.",10.7 pounds
B098NS6PVG,"Ambrane Unbreakable 60W / 3A Fast Charging 1.5m Braided Type C Cable for Smartphones, Tablets, Laptops & other Type C devices, PD Technology, 480Mbps Data Sync, Quick Charge 3.0 (RCT15A, Black)",Computers&Accessories|Accessories&Peripherals|Cables&Accessories|Cables|USBCables,₹199,₹349,43%,4,"43,994","Compatible with all Type C enabled devices, be it an android smartphone (Mi, Samsung, Oppo, Vivo, Realme, OnePlus, etc), tablet, laptop (Macbook, Chromebook, etc)|Supports Quick Charging (2.0/3.0)|Unbreakable – Made of special braided outer with rugged interior bindings, it is ultra-durable cable that won’t be affected by daily rough usage|Ideal Length – It has ideal length of 1.5 meters which is neither too short like your typical 1meter cable or too long like a 2meters cable|Supports maximum 3A fast charging and 480 Mbps data transfer speed|6 months manufacturer warranty from the date of purchase",10.69 pounds
B096MSW6CT,"Sounce Fast Phone Charging Cable & Data Sync USB Cable Compatible for iPhone 13, 12,11, X, 8, 7, 6, 5, iPad Air, Pro, Mini & iOS Devices",Computers&Accessories|Accessories&Peripherals|Cables&Accessories|Cables|USBCables,₹199,"₹1,899",90%,3.9,"7,928","【 Fast Charger& Data Sync】-With built-in safety proctections and four-core copper wires promote maximum signal quality and strength and enhance charging & data transfer speed with up to 480 mb/s transferring speed.|【 Compatibility】-Compatible with iPhone 13, 12,11, X, 8, 7, 6, 5, iPad Air, Pro, Mini & iOS devices.|【 Sturdy & Durable】-The jacket and enforced connector made of TPE and premium copper, are resistant to repeatedly bending and coiling.|【 Ultra High Quality】: According to the experimental results, the fishbone design can accept at least 20,000 bending and insertion tests for extra protection and durability. Upgraded 3D aluminum connector and exclusive laser welding technology, which to ensure the metal part won't break and also have a tighter connection which fits well even with a protective case on and will never loose connection.|【 Good After Sales Service】-Our friendly and reliable customer service will respond to you within 24 hours ! you can purchase with confidence,and every sale includes a 365-day worry-free Service to prove the importance we set on quality.",10.5 pounds
B08HDJ86NZ,"boAt Deuce USB 300 2 in 1 Type-C & Micro USB Stress Resistant, Tangle-Free, Sturdy Cable with 3A Fast Charging & 480mbps Data Transmission, 10000+ Bends Lifespan and Extended 1.5m Length(Martian Red)",Computers&Accessories|Accessories&Peripherals|Cables&Accessories|Cables|USBCables,₹329,₹699,53%,4.2,"94,363","The boAt Deuce USB 300 2 in 1 cable is compatible with smartphones, tablets, PC peripherals, Bluetooth speakers, power banks and all other devices with Type-C as well as Micro USB port|It ensures 3A fast charging and data transmissions with rapid sync at 480 mbps|The premium Nylon braided skin makes it sturdy and invincible against external damage|Its Aluminium alloy shell housing makes it last longer with 10000+ Bends Lifespan with extended frame protection for strain relief|The resilient and flexible design offers a tangle free experience seamlessly|Deuce USB 300 cable offers a perfect 1.5 meters in length for smooth & hassle-free user experience|2 years warranty from the date of purchase",3.9 pounds
B08CF3B7N1,"Portronics Konnect L 1.2M Fast Charging 3A 8 Pin USB Cable with Charge & Sync Function for iPhone, iPad (Grey)",Computers&Accessories|Accessories&Peripherals|Cables&Accessories|Cables|USBCables,₹154,₹399,61%,4.2,"16,905","[CHARGE & SYNC FUNCTION]- This cable comes with charging & Data sync function|[HIGH QUALITY MATERIAL]- TPE + Nylon Material to make sure that the life of the cable is enhanced significantly|[LONG CORD]- The Cable is extra thick 1.2 meter long, optimized for an easy use for your comfort at home or office|[MORE DURABLE]-This cable is unique interms of design and multi-use and is positioned to provide the best comfort and performance while using|[UNIVERSAL COMPATIBILITY]- Compatible with all devices like iPhone XS, X, XR, 8, 7, 6S, 6, 5S, iPad Pro, iPad mini and iPad Air",7.36 pounds
B08Y1TFSP6,"pTron Solero TB301 3A Type-C Data and Fast Charging Cable, Made in India, 480Mbps Data Sync, Strong and Durable 1.5-Meter Nylon Braided USB Cable for Type-C Devices for Charging Adapter (Black)",Computers&Accessories|Accessories&Peripherals|Cables&Accessories|Cables|USBCables,₹149,"₹1,000",85%,3.9,"24,871","Fast Charging & Data Sync: Solero TB301 Type-C cable supports fast charge up to 5V/3A for devices and data syncing speed up to 480Mbps.|Universal Compatibility: This USB charging cable connects USB Type-C devices with standard USB devices like laptops, hard drives, power banks, wall and car chargers, etc..Connector One: Reversible Type C|Connector Two: USB A Type|Rough & Tough Type-C Cable: Charging cable with a double-braided exterior, premium aramid fiber core and metal plugs. It has passed 10,000 bending tests and can easily withstand daily use.|Extended Length: 1.5-meter long c-type cable uses nylon material to protect the wire and avoid knots.|Perfect Fit Connectors: pTron Soler USB-C has passed the 5KG load test, swing test, 5000+ times connect & disconnect to ensure that there are no loose connections.",722.66 pounds
B08WRWPM22,"boAt Micro USB 55 Tangle-free, Sturdy Micro USB Cable with 3A Fast Charging & 480mbps Data Transmission (Black)",Computers&Accessories|Accessories&Peripherals|Cables&Accessories|Cables|USBCables,₹176.63,₹499,65%,4.1,"15,188","It Ensures High Speed Transmission And Charging By Offering 3A Fast Charging And Data Transmissions With Rapid Sync At 480 Mbps|The Braided Skin Makes It Durable And Invincible Against External Damage So You Can Have An Absolute Hassle-Free & Tangle Free Experience|Its Durable Pvc Housing And The Flexible Design Makes It Last 6 Times Longer Than Other Cables|Usb Cable Offers A Perfect 1.5 Meters In Length For Smooth & Hassle-Free User Experience For Superior Charging & Data Transfer Tasks|The Compact And Smooth Aluminium Connector Fits Most Cases Seamlessly And Resists Corrosion For Signal Purity|Micro Usb 55 Cable Offers Universal Compatibility As It Is Compatible With Most Android Smartphones, Tablets, Pc Peripherals, Bluetooth Speakers, Power Banks, Game Consoles & All Micro-Usb Enabled Devices|2 years warranty from the date of purchase",722.655 pounds
B08DDRGWTJ,MI Usb Type-C Cable Smartphone (Black),Computers&Accessories|Accessories&Peripherals|Cables&Accessories|Cables|USBCables,₹229,₹299,23%,4.3,"30,411",1m long Type-C USB Cable|Sturdy and Durable. With USB cable you can transfer data with speeds of upto 480 Mbps|Upto 3A output|6months warranty|Sturdy and Durable. With USB cable you can transfer data with speeds of upto 480 Mbps|6months warranty|Up To 3A Output,74.36 pounds
B008IFXQFU,"TP-Link USB WiFi Adapter for PC(TL-WN725N), N150 Wireless Network Adapter for Desktop - Nano Size WiFi Dongle Compatible with Windows 11/10/7/8/8.1/XP/ Mac OS 10.9-10.15 Linux Kernel 2.6.18-4.4.3",Computers&Accessories|NetworkingDevices|NetworkAdapters|WirelessUSBAdapters,₹499,₹999,50%,4.2,"1,79,691","USB WiFi Adapter —— Speedy wireless transmission at up to 150Mbps ideal for video streaming or internet calls|Mini Design —— Sleek miniature design so small that once plugged in, can be left in a Laptop’s USB port|Advanced Security —— Supports 64/128 WEP, WPA, PA2/WPA-PSK/WPA2-PSK(TKIP/AES)|Compatibility —— Windows 11/10/8.1/8/7/XP, Mac OS 10.15 and earlier, Linux|Easy Setup —— Connect in no time with easy setup utility in 14 languages|In an unlikely case of product quality related issue, we may ask you to reach out to brand’s customer service support and seek resolution. We will require brand proof of issue to process replacement request",71 pounds
B082LZGK39,"Ambrane Unbreakable 60W / 3A Fast Charging 1.5m Braided Micro USB Cable for Smartphones, Tablets, Laptops & Other Micro USB Devices, 480Mbps Data Sync, Quick Charge 3.0 (RCM15, Black)",Computers&Accessories|Accessories&Peripherals|Cables&Accessories|Cables|USBCables,₹199,₹299,33%,4,"43,994","Universal Compatibility – It is compatible with all Micro USB enabled devices, be it an android smartphone, tablet, PC peripheral or any other micro USB compatible device|Unbreakable – Made of special braided outer with rugged interior bindings, it is ultra-durable cable that won’t be affected by daily rough usage|Ideal Length – It has ideal length of 1.5 meters which is neither too short like your typical 1meter cable or too long like a 2meters cable|Supports maximum 3A fast charging and 480 Mbps data transfer speed|6 Months manufacturer warranty from the date of purchase.",72.3 pounds
B08CF3D7QR,Portronics Konnect L POR-1081 Fast Charging 3A Type-C Cable 1.2Meter with Charge & Sync Function for All Type-C Devices (Grey),Computers&Accessories|Accessories&Peripherals|Cables&Accessories|Cables|USBCables,₹154,₹339,55%,4.3,"13,391","[CHARGE & SYNC FUNCTION]- This cable comes with charging & Data sync function for smartphones|[HIGH QUALITY MATERIAL]- TPE + Nylon Material to make sure that the life of the cable is enhanced significantly|[LONG CORD]- The Cable is extra thick 1.2 meter long, optimized for an easy use for your comfort at home or office|[MORE DURABLE]-This cable is unique interms of design and multi-use and is positioned to provide the best comfort and performance while using",72.4 pounds
B0789LZTCJ,boAt Rugged v3 Extra Tough Unbreakable Braided Micro USB Cable 1.5 Meter (Black),Computers&Accessories|Accessories&Peripherals|Cables&Accessories|Cables|USBCables,₹299,₹799,63%,4.2,"94,363","The boAt rugged cable features our special toughest polyethylene braided jacket and this unique jacket provides greater protection than anything else you have seen in its class. Round Cable|Extra tough polyethylene terephthalate cable skin ensures 10000 plus bend lifespan, stress and stretch resistance|The boAt rugged Micro USB cable is compatible with most android smartphones, windows phone, tablets, PC peripherals and other micro USB compatible devices|2.4A rapid charge, fast data transmission and rapid speed to sync your device at the speed up to 480mbps|boAt rugged micro USB cable offers a perfect 1.5 meters in length, optimized for an easy use for your comfort at home or office|2 years warranty from the date of purchase",72.5 pounds
B07KSMBL2H,"AmazonBasics Flexible Premium HDMI Cable (Black, 4K@60Hz, 18Gbps), 3-Foot","Electronics|HomeTheater,TV&Video|Accessories|Cables|HDMICables",₹219,₹700,69%,4.4,"4,26,973","Flexible, lightweight HDMI cable for connecting media devices to playback display such as HDTVs, projectors, and more|Compatible with Blu-Ray players, computers, Apple TV, Roku, cable, PS4, Xbox One, and other HDMI-compatible devices|Solid copper conductors and full metal jacket shielding for durability and high-performance connectivity|Supports Ethernet, 3D, 4K video and Audio Return Channel (ARC) and meets the latest HDMI standards|Supports bandwidth up to 18Gbps and is backwards compatible with earlier versions|Includes a 3 foot cable",72.6 pounds
B085DTN6R2,"Portronics Konnect CL 20W POR-1067 Type-C to 8 Pin USB 1.2M Cable with Power Delivery & 3A Quick Charge Support, Nylon Braided for All Type-C and 8 Pin Devices, Green",Computers&Accessories|Accessories&Peripherals|Cables&Accessories|Cables|USBCables,₹350,₹899,61%,4.2,"2,262","[20W PD FAST CHARGING]-It’s supports 20W PD quick charge protocol, charge up to 50% in around 30 minutes. It is ideal for charging your USB type c enabled devices at maximum speed|[USB-C to 8 Pin Cable]- It’s offer rapid charging and syncing between USB Type-C and 8 Pin enabled devices. Safe charging at up to 3A is ensured by high-standard components|[MORE DURABLE]- This cable is unique interms of design and multi-use and is positioned to provide the best comfort and performance while using|[FLEXIBLE CORD]- The Cable uses nylon Braided + Metal Housing material to make sure that the life of the cable is enhanced significantly. It is 4mm extra thick slim 1.2meter long|[UNIVERSAL COMPATIBILITY]-Charge for all Type C USB connectivity devices including MacBook 12 inch, Nexus 5x, Nexus 6p, OnePlus 2, pixel c, Lumia 950, Lumia 950 xl, Nokia n1, etc",72.7 pounds
B09KLVMZ3B,Portronics Konnect L 1.2M POR-1401 Fast Charging 3A 8 Pin USB Cable with Charge & Sync Function (White),Computers&Accessories|Accessories&Peripherals|Cables&Accessories|Cables|USBCables,₹159,₹399,60%,4.1,"4,768","[CHARGE & SYNC FUNCTION]- This cable comes with charging & Data sync function|[HIGH QUALITY MATERIAL]- TPE + Nylon Material to make sure that the life of the cable is enhanced significantly|[LONG CORD]- The Cable is extra thick 1.2 meter long, optimized for an easy use for your comfort at home or office|[MORE DURABLE]-This cable is unique interms of design and multi-use and is positioned to provide the best comfort and performance while using|[UNIVERSAL COMPATIBILITY]- Compatible with all devices like iPhone XS, X, XR, 8, 7, 6S, 6, 5S, iPad Pro, iPad mini and iPad Air",72.8 pounds
B083342NKJ,MI Braided USB Type-C Cable for Charging Adapter (Red),Computers&Accessories|Accessories&Peripherals|Cables&Accessories|Cables|USBCables,₹349,₹399,13%,4.4,"18,757",1M Long Cable. Usb 2.0 (Type A)|Toughened Joints|Strong And Sturdy|Country Of Origin: China|6 Months Warranty,72.9 pounds
B0B6F7LX4C,MI 80 cm (32 inches) 5A Series HD Ready Smart Android LED TV L32M7-5AIN (Black),"Electronics|HomeTheater,TV&Video|Televisions|SmartTelevisions","₹13,999","₹24,999",44%,4.2,"32,840","Note : The brands, Mi and Xiaomi, are part of the same multinational conglomerate|Resolution : HD Ready (1366 x 768) Resolution | Refresh Rate : 60 Hertz | 178 Degree wide viewing angle|Connectivity: Dual Band Wi-Fi | 2 HDMI ports to connect latest gaming consoles, set top box, Blu-ray Players | 2 USB ports to connect hard drives and other USB devices | ALLM | ARC | Bluetooth 5.0 | Ethernet|Sound: 20 Watts Output | Dolby Audio, DTS Virtual: X, DTS-HD|Smart TV Features : Android TV 11 | PatchWall | IMDb Integration | Universal Search | 300+ Free Live Channels | Kids Mode with Parental lock | Smart Recommendations | Language Universe – 15+ Languages | User Centre | Okay Google | Chromecast suporting Apps : Netflix, Prime Video, Disney+ Hotstar | 5000+ apps from Play Store |Quad core Cortex A35 | Chromecast built-in | Ok Google | Auto Low Latency Mode | 1GB RAM + 8GB Storage|Display: HD Ready | Vivid Picture Engine|Warranty Information: 1 year comprehensive warranty on product and 1 year additional on Panel provided by the brand from the date of purchase",72.10 pounds
B082LSVT4B,"Ambrane Unbreakable 60W / 3A Fast Charging 1.5m Braided Type C to Type C Cable for Smartphones, Tablets, Laptops & Other Type C Devices, PD Technology, 480Mbps Data Sync (RCTT15, Black)",Computers&Accessories|Accessories&Peripherals|Cables&Accessories|Cables|USBCables,₹249,₹399,38%,4,"43,994","Compatible with all Type C enabled devices, be it an android smartphone (Mi, Samsung, Oppo, Vivo, Realme, OnePlus, etc), tablet, laptop (Macbook, Chromebook, etc)|Unbreakable – Made of special braided outer with rugged interior bindings, it is ultra-durable cable that won’t be affected by daily rough usage|Ideal Length – It has ideal length of 1.5 meters which is neither too short like your typical 1meter cable or too long like a 2meters cable|Supports maximum 3A fast charging and 480 Mbps data transfer speed|6 months manufacturer warranty from the date of purchase",72.11 pounds
B08WRBG3XW,"boAt Type C A325 Tangle-free, Sturdy Type C Cable with 3A Rapid Charging & 480mbps Data Transmission(Black)",Computers&Accessories|Accessories&Peripherals|Cables&Accessories|Cables|USBCables,₹199,₹499,60%,4.1,"13,045","Type C A 325 Cable Is Designed With A Perfect 1.5 Meters In Length For Hassle Free Usage|It Dons Premium Braided Skin That Makes It Sturdy And Invincible Against External Damage With 10000+ Bends Lifespan The Cable Stays Stronger And Lasts Longer|Type C A 325 Offers Universal Compatibility With Smartphones, Tablets, Pc Peripherals, Bluetooth Speakers, Power Banks And All Other Devices With Type C Port|The Reversible Metallic Aluminium Tip Lets The User Connect Devices In A Carefree Manner|Its Flexible Design Offers The User A Tangle-Free Experience|2 years warranty from the date of purchase",72.12 pounds
B08DPLCM6T,LG 80 cm (32 inches) HD Ready Smart LED TV 32LM563BPTC (Dark Iron Gray),"Electronics|HomeTheater,TV&Video|Televisions|SmartTelevisions","₹13,490","₹21,990",39%,4.3,"11,976","Resolution: HD Ready (1366x768) | Refresh Rate: 50 hertz|Connectivity: 2 HDMI ports to connect set top box, Blu Ray players, gaming console | 1 USB ports to connect hard drives and other USB devices|Sound output: 10 Watts Output I 2 Speakers | DTS Virtual:X | Sound Type : Down Firing|Smart TV Features: Web OS Smart TV | Wi-Fi | Home Dashboard | Screen Mirroring | Mini TV Browser | Multi-Tasking | Office 365, Set WXHXD (with Stand ) mm - 739 x 472 x 168|Display: Active HDR | Display Type: Flat | BackLight Module: Slim LED|Warranty Information: 1 Year LG India Comprehensive Warranty and additional 1 year Warranty is applicable on panel/module from the date of purchase|Installation : For requesting installation/wall mounting/demo of this product once delivered, please directly call LG support (Please visit LG Website for Toll Free Numebrs) and provide product's model name as well as seller's details mentioned on the invoice",72.13 pounds
B09C6HXFC1,"Duracell USB Lightning Apple Certified (Mfi) Braided Sync & Charge Cable For Iphone, Ipad And Ipod. Fast Charging Lightning Cable, 3.9 Feet (1.2M) - Black",Computers&Accessories|Accessories&Peripherals|Cables&Accessories|Cables|USBCables,₹970,"₹1,799",46%,4.5,815,"Supports Ios Devices With Max Output Up To 2.4A|Up To 10, 000+ Bend And 10, 000+ Plugging And Unplugging Test Ensure This Cable A Longer Lifespan|Ensure Fast And Stable Data Transmission Up To 480 Mbps|2 Years Warranty|Compatible Designed To Work Flawlessly With Mfi Or Apple Devices, Iphone, Imac, Ipad Etc|1.2M Tangle Free Durable Tough Braiding Sync & Charge Cable",72.14 pounds
B085194JFL,"tizum HDMI to VGA Adapter Cable 1080P for Projector, Computer, Laptop, TV, Projectors & TV","Electronics|HomeTheater,TV&Video|Accessories|Cables|HDMICables",₹279,₹499,44%,3.7,"10,962","Superior Stability: Built-in advanced Certified AG6200 IC chip converts HDMI digital signal to VGA analog signal. It is NOT a bi-directional converter and cannot transmit signals from VGA to HDMI.|Compact Design: Tizum HDMI to VGA adapter is compact & lightweight which makes it easy to carry, travel friendly and also saves space on your desk helping it keep clutter free.|High Definition Image Quality: The HDMI male to VGA female converter supports resolution up to 1920x1080 60Hz (1080p Full HD) including 720p, 1600x1200, 1280x1024 for high definition monitors & projectors.|Wide Compatibility: The adapter is compatible with Computer, PC, Desktop, Laptop, Notebook, Chromebook, PS3, Xbox, Set Top Box, TV & other devices with HDMI port. Note: Does not Support Audio.|Incredible Performance: It resists corrosion & abrasion; improves signal transmission; & protects HDMI port of your device to ensure a longer lifespan",72.15 pounds
B09F6S8BT6,Samsung 80 cm (32 Inches) Wondertainment Series HD Ready LED Smart TV UA32T4340BKXXL (Glossy Black),"Electronics|HomeTheater,TV&Video|Televisions|SmartTelevisions","₹13,490","₹22,900",41%,4.3,"16,299","Resolution: HD Ready (1366x768) | Refresh Rate: 60 hertz|Connectivity: 2 HDMI ports to connect set top box, Blu Ray players, gaming console | 1 USB ports to connect hard drives and other USB devices|Sound : 20 Watts Output | Dolby Digital Plus|Smart TV Features : Personal Computer | Screen Share | Music System | Content Guide | Connect Share Movie|Display : LED Panel | Mega Contrast | PurColor | HD Picture Quality | Slim & Stylish Design|Warranty Information: 1 year comprehensive warranty plus additional 1 years on panel by brand from date of invoice|Installation: TV Table stand is not included in the box with this model. customer may ask for Table Top Stand or Wall Mount which will be provided to the customer at the time of installation, please directly call Samsung support on [1800407267864 / 180057267864] and provide product's model name as well as seller's details mentioned on the invoice|Easy Returns: This product is eligible for replacement within 10 days of delivery in case of any product defects, damage or features not matching the description",72.16 pounds
B09NHVCHS9,Flix Micro Usb Cable For Smartphone (Black),Computers&Accessories|Accessories&Peripherals|Cables&Accessories|Cables|USBCables,₹59,₹199,70%,4,"9,378","Micro usb cable is 1 meter in length, optimized for easy use for your comfort at home or office, helps you to overcome distance restrictions|Durable pvc outer exterior: Pvc cables are versatile, high in tensile strength, flexible, and good conductors|Charge & sync, this usb cable can charge and data sync simultaneously at 480mbps speed, compatible with all devices with a micro usb port. Core : Tinned copper|Micro usb charging cable for android phones and any other device with micro usb port|Contact us on 1800-102-2700 or write us on support@flixaccessories.com",72.17 pounds
B0B1YVCJ2Y,Acer 80 cm (32 inches) I Series HD Ready Android Smart LED TV AR32AR2841HDFL (Black),"Electronics|HomeTheater,TV&Video|Televisions|SmartTelevisions","₹11,499","₹19,990",42%,4.3,"4,703","Resolution : HD Ready (1366x768) | Refresh Rate : 60 Hertz | 178 Degree wide viewing angle|Connectivity: Dual band Wifi | 2 way Bluetooth | HDMI ports 2.0 x 2 (HDMI 1 supports ARC) to connect personal computer, laptop, set top box, Blu-ray speakers or a gaming console | USB ports 2.0 x 2 to connect hard drives or other USB device|Sound: 24 Watts Output | High Fidelity Speakers with Dolby Audio | 5 Sound Modes - Movie, Music, Standard, News, Sports|Smart Tv Features: Google certified Android TV 11 | Google Assistant | Chromecast built-in | Voice controlled Smart Remote | Hotkeys for Quick Access - Netflix, Prime Video, YouTube, Disney+Hotstar | 5 Picture Mode | 1.5GB RAM | 8GB Storage | 64bit Quad Core Processor|Display : 16.7 Million Colours | Wide Colour Gamut | Intelligent Frame Stabilization Engine | HDR10+ | Super Brightness | Micro Dimming | Blue Light Reduction|Warranty Information: 1 year comprehensive warranty provided by the manufacturer from date of purchase|Installation: Installation/Wall mounting/demo will be arranged by AHS Team. For any other information, please contact Amazon customer support | Wall Mount is not included in the box and will be charged at the time of installation|Easy Returns: This product is eligible for replacement within 10 days of delivery in case of any product defects, damage or features not matching the description",72.18 pounds
B01M4GGIVU,Tizum High Speed HDMI Cable with Ethernet | Supports 3D 4K | for All HDMI Devices Laptop Computer Gaming Console TV Set Top Box (1.5 Meter/ 5 Feet),"Electronics|HomeTheater,TV&Video|Accessories|Cables|HDMICables",₹199,₹699,72%,4.2,"12,153","Latest Standard HDMI A Male to A Male Cable: Supports Ethernet, 3D, 4K video and Audio Return Channel (ARC)|Connects Blu-ray players, Fire TV, Apple TV, PS4, PS3, Xbox One, Xbox 360, Computers, DVD Players, Set Top Box, Dish TV Box, and other HDMI-enabLED devices to TVs, displays, A/V receivers and more.Suitable For Mp3, Gaming Device, Mobile, Tablet, Laptop|Cable allows you to share an Internet connection among multiple devices without the need for a separate Ethernet cable|Meets HDMI 1.4 Standards (4K Video at 24 Hz, 2160p, 48 bit/px color depth) that supports bandwidth up to 10.2Gbps and backwards compatible with earlier versions|✔ Gold Plate HDMI Cable of Length: 5 Feet/ 1.8 Meters",72.19 pounds
B08B42LWKN,OnePlus 80 cm (32 inches) Y Series HD Ready LED Smart Android TV 32Y1 (Black),"Electronics|HomeTheater,TV&Video|Televisions|SmartTelevisions","₹14,999","₹19,999",25%,4.2,"34,899","Resolution: HD Ready (1366x768) | Refresh Rate: 60 hertz|Connectivity: 2 HDMI ports to connect set top box, Blu Ray players, gaming console | 2 USB ports to connect hard drives and other USB devices, Dimensions(TV With Stand) - 71.3cm*20cm*46.9cm, VESA Hole Pitch - 20cm*20cm|Sound : 20 Watts Output | Dolby Audio|Smart TV Features: Android TV 9.0 | OnePlus Connect | Google Assistant | Play Store | Chromecast | Shared Album | Supported Apps : Netflix, YouTube, Prime video | Content Calendar | OxygenPlay|Display : LED Panel | Noise Reduction | Colour Space Mapping |Dynamic Contrast | Anti-Aliasing | DCI-P3 93% colour gamut | Gamma Engine|Warranty Information: 1 year comprehensive warranty and additional 1 year on panel provided by the manufacturer from date of purchase|Installation/Wall mounting/demo will be arranged by Amazon Home Services. For any other information, please contact Amazon customer support | Wall Mount is not included in the box and will be charged extra at the time of installation|Easy returns: This product is eligible for replacement within 10 days of delivery in case of any product defects, damage or features not matching the description provided",72.20 pounds
B094JNXNPV,"Ambrane Unbreakable 3 in 1 Fast Charging Braided Multipurpose Cable for Speaker with 2.1 A Speed - 1.25 meter, Black",Computers&Accessories|Accessories&Peripherals|Cables&Accessories|Cables|USBCables,₹299,₹399,25%,4,"2,766","Blazing Charging - All combined 3 in 1 cable supports fast charging with the speed 2.1A to all your gadgets including mobiles, tablets, speakers and much more.|Ultra Durable - The cable is crafted with braided wire giving you an extra tough braided cable with 10000+ bends lifespan cycle.|Universal Compatibility - The 3 in 1 cable gives you universal compatibility with its flexible and high-quality material that comes with a USB type C connector, micro USB connector and lightning connector.|Convenient Length - The durable and flexible cable comes with an ideal length of 1.25 meter which eliminates the struggle of finding nearby switch boards.|180 days manufacturer warranty from the date of purchase.",72.21 pounds
B09W5XR9RT,"Duracell USB C To Lightning Apple Certified (Mfi) Braided Sync & Charge Cable For Iphone, Ipad And Ipod. Fast Charging Lightning Cable, 3.9 Feet (1.2M) - Black",Computers&Accessories|Accessories&Peripherals|Cables&Accessories|Cables|USBCables,₹970,"₹1,999",51%,4.4,184,"1.2M Tangle Free durable tough braiding sync & charge cable|Supports iOS devices with max output up to 2.4A|Ensure fast and stable data transmission up to 480 Mbps|Up to 10,000+ bend and 10,000+ plugging and unplugging test ensure this cable a longer lifespan|Compatible designed to work flawlessly with MFi or apple devices, iPhone, iMac, iPad etc.|2 Years Warranty",72.22 pounds
